{
  "speed_kmh": {
    "mean": 190.12327506958508,
    "std": 39.42747690708256,
    "p80": 229.9036053332889,
    "p95": 252.00119132967646,
    "p99": 258.07221797047555
  },
  "yaw_rate_dps": {
    "mean": -0.11438993880228004,
    "std": 6.527448151395617,
    "p80": 0.3494252373167712,
    "p95": 6.038255633150948,
    "p99": 25.519458788919106
  },
  "lateral_g": {
    "mean": -0.0040470115900106286,
    "std": 0.19830040318543762,
    "p80": 0.020392437899894252,
    "p95": 0.1906344890086142,
    "p99": 0.7720431466908473
  },
  "longitudinal_g": {
    "mean": 0.00158902602256386,
    "std": 0.03195813890025825,
    "p80": 0.012760236475350708,
    "p95": 0.053259820284896536,
    "p99": 0.12273376548930257
  },
  "brake_pressure": {
    "mean": 0.01732482261518524,
    "std": 0.05122041022948642,
    "p80": 0.019650856122429693,
    "p95": 0.10650724843172299,
    "p99": 0.28809645061456657
  },
  "steering_angle_deg": {
    "mean": 0.9190936454846699,
    "std": 2.6393082891574777,
    "p80": 0.4891049935361011,
    "p95": 7.60038163296799,
    "p99": 12.596477538756675
  },
  "wheel_speed_fl_kmh": {
    "mean": 190.13265436042224,
    "std": 39.58033703036233,
    "p80": 230.09101092418481,
    "p95": 251.8674764996028,
    "p99": 260.76244608193156
  },
  "wheel_speed_fr_kmh": {
    "mean": 190.1177342095955,
    "std": 39.56068996204424,
    "p80": 230.1117606006707,
    "p95": 251.7788080240191,
    "p99": 260.67741378201407
  }
}